[
  {
    "id": 1,
    "text": "August 2025NASA Science Calendar Image of the Month. Image credit: Webb HubbleExplore with usAugust 2025 ImageLearn about August's amazing image. Explore related topics, activities, games, and download desktop wallpaper.Desktop and Mobile WallpapersDiscover More Topics2025 Science CalendarOther Images of the MonthVersión en españolWebb and Hubble’s Views of Spiral Galaxy NGC 628This face-on view of spiral galaxy NGC 628 is split diagonally, showing observations from the James Webb Space Telescope (JWST) in the top left portion of the image and Hubble Space Telescope (HST) in the bottom right portion. JWST’s observations combine near- and mid-infrared light, while HST’s observations showcase visible light. Complementary views show predominantly stars (HST) and obscuring dust (JWST). In JWST’s high-resolution infrared images, the gas and dust stand out in stark shades of orange and red and show finer spiral shapes with the appearance of jagged edges, though these areas are still diffuse. In HST’s images, the gas and dust show up as hazy dark brown lanes, following the same spiral shapes. HST’s images are about the same resolution as JWST’s, but the gas and dust obscure a lot of the smaller-scale star formation.Image and text credit:NASA, European Space Agency (ESA), Canadian Space Agency (CSA), Space Telescope Science Institute (STScI), Janice Lee (STScI), Thomas Williams (University of Oxford), Physics at High Angular resolution in Nearby GalaxieS (PHANGS) TeamLearn more about this combined image from Webb and HubbleDesktop and Mobile Wallpaper DownloadsDesktop 3456x2234 (HD)Jul 29, 2025JPEG (3.51 MB)Desktop 1920x1080 (HD)Jul 29, 2025JPEG (1.44 MB)Desktop 3840x2160 (4K)Jul 29, 2025JPEG (3.44 MB)Mobile 1440x2960 (18x9)Jul 29, 2025JPEG (4.94 MB)Mobile 1242x2688 (5x9)Jul 29, 2025JPEG (1.86 MB)Mobile 1080x2560 (21x9)Jul 29, 2025JPEG (3.62 MB)Mobile 1080x1920 (16x9)Jul 29, 2025JPEG (1.46 MB)Discover More about GalaxiesGalaxy BasicsWhat are galaxies? Learn about different types of galaxies and how NASA observes them.Learn more about GalaxiesSounds From Around the Milky Way\"Listen\" to the center of the Milky Way! Sonification turns astronomical images from NASA's Chandra X-Ray Observatory and other telescopes into sound.Listen to the Milky WayNASA's Webb Depicts Staggering Structure in 19 Spiral GalaxiesExplore 19 nearby spiral galaxies imaged by NASA’s James Webb Space Telescope.Learn about these 19 GalaxiesGalaxies ResourcesFor educators: Check out more information and activities relating to all things galactic.Explore these ResourcesStephan's Quintet: A Multi-wavelength ExplorationCheck out this 3D visualization of Stephan's Quintet (galaxy group) using data from Webb, Chandra, Hubble, and Spitzer.Explore Stephan's QuintetHubble Andromeda MosaicView the largest photomosaic ever assembled from Hubble Space Telescope observations.View and Download the MosaicAugust Activities and GamesExploring the Universe: Space Guess Quest GameIn this activity, learners play a yes-or-no question guessing game that identifies the many types of objects in space, from human-made spacecraft to nebulas, galaxies, stars, and worlds.ViewSpace Image Tour: The Whirlpool GalaxyInteractive tour around the Whirlpool Galaxy allowing learners to travel to different stops and explore the science of the galaxy.2025 NASA Science CalendarDownload our latest calendar and wallpaper backgrounds for your desktop or mobile device, and discover the fascinating science behind the images featured each month.Download OptionsExplore our other featured imagesJanuary 2025AurorasFebruary 2025AsteroidsMarch 2025Space RadiationApril 2025Air and OceanMay 2025MarsJune 2025SupernovaJuly 2025Our SunAugust 2025Galaxies"
  },
  {
    "id": 2,
    "text": "NASA Science Calendar Image of the Month. Image credit: Webb Hubble"
  },
  {
    "id": 3,
    "text": "Learn about August's amazing image. Explore related topics, activities, games, and download desktop wallpaper."
  },
  {
    "id": 4,
    "text": "This face-on view of spiral galaxy NGC 628 is split diagonally, showing observations from the James Webb Space Telescope (JWST) in the top left portion of the image and Hubble Space Telescope (HST) in the bottom right portion. JWST’s observations combine near- and mid-infrared light, while HST’s observations showcase visible light. Complementary views show predominantly stars (HST) and obscuring dust (JWST). In JWST’s high-resolution infrared images, the gas and dust stand out in stark shades of orange and red and show finer spiral shapes with the appearance of jagged edges, though these areas are still diffuse. In HST’s images, the gas and dust show up as hazy dark brown lanes, following the same spiral shapes. HST’s images are about the same resolution as JWST’s, but the gas and dust obscure a lot of the smaller-scale star formation.Image and text credit:NASA, European Space Agency (ESA), Canadian Space Agency (CSA), Space Telescope Science Institute (STScI), Janice Lee (STScI), Thomas Williams (University of Oxford), Physics at High Angular resolution in Nearby GalaxieS (PHANGS) Team"
  },
  {
    "id": 5,
    "text": "Learn more about this combined image from Webb and Hubble"
  },
  {
    "id": 6,
    "text": "What are galaxies? Learn about different types of galaxies and how NASA observes them."
  },
  {
    "id": 7,
    "text": "\"Listen\" to the center of the Milky Way! Sonification turns astronomical images from NASA's Chandra X-Ray Observatory and other telescopes into sound."
  },
  {
    "id": 8,
    "text": "Explore 19 nearby spiral galaxies imaged by NASA’s James Webb Space Telescope."
  },
  {
    "id": 9,
    "text": "For educators: Check out more information and activities relating to all things galactic."
  },
  {
    "id": 10,
    "text": "Check out this 3D visualization of Stephan's Quintet (galaxy group) using data from Webb, Chandra, Hubble, and Spitzer."
  },
  {
    "id": 11,
    "text": "View the largest photomosaic ever assembled from Hubble Space Telescope observations."
  },
  {
    "id": 12,
    "text": "In this activity, learners play a yes-or-no question guessing game that identifies the many types of objects in space, from human-made spacecraft to nebulas, galaxies, stars, and worlds."
  },
  {
    "id": 13,
    "text": "Interactive tour around the Whirlpool Galaxy allowing learners to travel to different stops and explore the science of the galaxy."
  },
  {
    "id": 14,
    "text": "Download our latest calendar and wallpaper backgrounds for your desktop or mobile device, and discover the fascinating science behind the images featured each month."
  },
  {
    "id": 15,
    "text": "NASA explores the unknown in air and space, innovates for the benefit of humanity, and inspires the world through discovery."
  }
]